,Area Code,Area,Year,Number of People Working In Agriculture
60,2,Afghanistan,2008,4426731.0
61,2,Afghanistan,2012,2477079.0
62,2,Afghanistan,2014,2824353.0
63,2,Afghanistan,2017,2740235.0
544,2,Afghanistan,2020,2714301.0
1123,3,Albania,2007,358403.0
1124,3,Albania,2008,501433.0
1125,3,Albania,2009,511223.0
1126,3,Albania,2010,491227.0
1127,3,Albania,2011,526261.0
1128,3,Albania,2012,521183.99999999994
1129,3,Albania,2013,450893.0
1130,3,Albania,2014,430806.0
1131,3,Albania,2015,445532.0
1132,3,Albania,2016,460737.0
1133,3,Albania,2017,453779.0
1134,3,Albania,2018,458226.0
1135,3,Albania,2019,460553.0
2025,7,Angola,2004,1617067.0
2026,7,Angola,2009,2594926.0
2027,7,Angola,2011,3477912.0
2512,7,Angola,2014,2349523.0
3104,9,Argentina,2004,138105.0
3105,9,Argentina,2005,121550.0
3106,9,Argentina,2006,104167.0
3107,9,Argentina,2008,122143.0
3108,9,Argentina,2009,127364.0
3109,9,Argentina,2010,133340.0
3110,9,Argentina,2011,68041.0
3111,9,Argentina,2012,66354.0
3112,9,Argentina,2013,67219.0
3113,9,Argentina,2014,60228.0
3114,9,Argentina,2017,6840.0
3115,9,Argentina,2018,11153.0
3116,9,Argentina,2019,6969.0
3117,9,Argentina,2020,3574.0
3596,1,Armenia,2007,434159.0
3597,1,Armenia,2009,454841.0
3598,1,Armenia,2010,457440.0
3599,1,Armenia,2011,457390.0
3600,1,Armenia,2012,437159.0
3601,1,Armenia,2013,422122.0
4128,1,Armenia,2008,304129.0
4129,1,Armenia,2014,394765.0
4130,1,Armenia,2015,378953.0
4131,1,Armenia,2016,338055.0
4132,1,Armenia,2017,317111.0
4133,1,Armenia,2018,270298.0
4134,1,Armenia,2019,233138.0
6189,11,Austria,2008,209779.0
6190,11,Austria,2009,211943.0
6191,11,Austria,2010,209401.0
6192,11,Austria,2011,200091.0
6193,11,Austria,2012,190960.0
6194,11,Austria,2013,187820.0
6195,11,Austria,2014,198926.0
6196,11,Austria,2015,187959.0
6197,11,Austria,2016,183503.0
6198,11,Austria,2017,167428.0
6199,11,Austria,2018,159549.0
6200,11,Austria,2019,159220.0
6201,11,Austria,2020,167869.0
10031,16,Bangladesh,2006,22767018.0
10032,16,Bangladesh,2010,25582228.0
10033,16,Bangladesh,2013,26189986.0
10034,16,Bangladesh,2017,24692560.0
10928,14,Barbados,2015,3700.0
10929,14,Barbados,2016,3805.0
10930,14,Barbados,2017,4030.9999999999995
10931,14,Barbados,2018,3966.0
10932,14,Barbados,2019,3535.0
11815,255,Belgium,2008,69036.0
11816,255,Belgium,2009,65735.0
11817,255,Belgium,2010,60686.0
11818,255,Belgium,2011,58644.0
11819,255,Belgium,2012,53020.0
11820,255,Belgium,2013,61605.0
11821,255,Belgium,2014,55348.0
11822,255,Belgium,2015,53551.0
11823,255,Belgium,2016,57393.0
11824,255,Belgium,2017,53966.0
11825,255,Belgium,2018,47280.0
11826,255,Belgium,2019,44434.0
11827,255,Belgium,2020,44598.0
14693,23,Belize,2014,23616.0
14694,23,Belize,2015,24824.0
14695,23,Belize,2016,26735.0
14696,23,Belize,2017,25773.0
14697,23,Belize,2019,27871.0
15256,53,Benin,2011,1295650.0
16121,19,Bolivia (Plurinational State of),2005,1385797.0
16122,19,Bolivia (Plurinational State of),2006,1513034.0
16123,19,Bolivia (Plurinational State of),2007,1438326.0
16124,19,Bolivia (Plurinational State of),2008,1426092.0
16125,19,Bolivia (Plurinational State of),2009,1420770.0
16126,19,Bolivia (Plurinational State of),2011,1428004.0
16127,19,Bolivia (Plurinational State of),2012,1303812.0
16128,19,Bolivia (Plurinational State of),2013,1445585.0
16129,19,Bolivia (Plurinational State of),2014,1567601.0
16130,19,Bolivia (Plurinational State of),2015,1362341.0
16131,19,Bolivia (Plurinational State of),2019,1543053.0
16132,19,Bolivia (Plurinational State of),2020,1628566.0
17352,19,Bolivia (Plurinational State of),1999,1233808.0
17353,19,Bolivia (Plurinational State of),2000,1248938.0
17354,19,Bolivia (Plurinational State of),2001,1465306.0
17355,19,Bolivia (Plurinational State of),2002,1404168.0
17978,19,Bolivia (Plurinational State of),2016,1439246.0
17979,19,Bolivia (Plurinational State of),2017,1536002.0
17980,19,Bolivia (Plurinational State of),2018,1666908.0
18844,80,Bosnia and Herzegovina,2006,166531.0
18845,80,Bosnia and Herzegovina,2007,168346.0
18846,80,Bosnia and Herzegovina,2008,183207.0
18847,80,Bosnia and Herzegovina,2009,182351.0
18848,80,Bosnia and Herzegovina,2010,165161.0
18849,80,Bosnia and Herzegovina,2011,160025.0
18850,80,Bosnia and Herzegovina,2012,167278.0
18851,80,Bosnia and Herzegovina,2013,154983.0
18852,80,Bosnia and Herzegovina,2014,138688.0
18853,80,Bosnia and Herzegovina,2015,146851.0
18854,80,Bosnia and Herzegovina,2016,143853.0
18855,80,Bosnia and Herzegovina,2017,153924.0
18856,80,Bosnia and Herzegovina,2018,129329.00000000001
18857,80,Bosnia and Herzegovina,2019,144213.0
18858,80,Bosnia and Herzegovina,2020,140527.0
20449,20,Botswana,2009,155473.0
20450,20,Botswana,2019,53297.0
20451,20,Botswana,2020,58041.0
20852,20,Botswana,1996,51583.0
20853,20,Botswana,2006,153325.0
21480,21,Brazil,1995,13557698.0
21481,21,Brazil,1996,12811402.0
21482,21,Brazil,1997,12908467.0
21483,21,Brazil,1998,12652501.0
21484,21,Brazil,1999,13239949.0
21485,21,Brazil,2001,14430409.0
21486,21,Brazil,2002,15077277.0
21487,21,Brazil,2003,15430384.0
21488,21,Brazil,2004,16677458.999999998
21489,21,Brazil,2005,16668833.999999998
21490,21,Brazil,2006,16201422.0
21491,21,Brazil,2007,15668961.0
21492,21,Brazil,2008,15377808.0
21493,21,Brazil,2009,15109083.0
21494,21,Brazil,2011,14000755.0
21495,21,Brazil,2012,10173721.0
21496,21,Brazil,2013,10051789.0
21497,21,Brazil,2014,9441898.0
21498,21,Brazil,2015,9310550.0
21499,21,Brazil,2016,9030089.0
21500,21,Brazil,2017,8453723.0
21501,21,Brazil,2018,8398986.0
21502,21,Brazil,2019,8402363.0
21503,21,Brazil,2020,8195700.000000001
23788,26,Brunei Darussalam,2014,1002.0
23789,26,Brunei Darussalam,2017,2539.0
23790,26,Brunei Darussalam,2018,2140.0
23791,26,Brunei Darussalam,2019,4331.0
24447,27,Bulgaria,2008,251152.0
24448,27,Bulgaria,2009,230733.0
24449,27,Bulgaria,2010,209578.0
24450,27,Bulgaria,2011,201012.0
24451,27,Bulgaria,2012,188950.0
24452,27,Bulgaria,2013,195460.0
24453,27,Bulgaria,2014,208933.0
24454,27,Bulgaria,2015,207860.0
24455,27,Bulgaria,2016,203740.0
24456,27,Bulgaria,2017,220959.0
24457,27,Bulgaria,2018,207369.0
24458,27,Bulgaria,2019,214083.0
24459,27,Bulgaria,2020,205587.0
26050,233,Burkina Faso,2014,1676712.0
26356,233,Burkina Faso,2018,1166270.0
26487,29,Burundi,2014,3165818.0
26989,35,Cabo Verde,2015,18953.0
27384,115,Cambodia,2007,4096341.9999999995
27385,115,Cambodia,2008,3947303.0
27386,115,Cambodia,2009,4487811.0
27387,115,Cambodia,2010,4356764.0
27388,115,Cambodia,2011,4636460.0
27389,115,Cambodia,2013,4097327.0
27390,115,Cambodia,2014,3919118.0
27391,115,Cambodia,2015,3663120.0
27392,115,Cambodia,2016,3361689.0
27393,115,Cambodia,2017,3477463.0
28657,115,Cambodia,2000,3781264.0
28658,115,Cambodia,2001,4069273.0
28659,115,Cambodia,2012,2392879.0
29060,32,Cameroon,2007,4810046.0
29061,32,Cameroon,2014,4010586.0
30289,33,Canada,1976,463852.0
30290,33,Canada,1977,451788.0
30291,33,Canada,1978,433991.0
30292,33,Canada,1979,447345.0
30293,33,Canada,1980,436928.0
30294,33,Canada,1981,437611.0
30295,33,Canada,1982,442039.0
30296,33,Canada,1983,451489.0
30297,33,Canada,1984,438423.0
30298,33,Canada,1985,449216.0
30299,33,Canada,1986,466496.0
30300,33,Canada,1987,464470.0
30301,33,Canada,1988,450604.0
30302,33,Canada,1989,442919.0
30303,33,Canada,1990,439010.0
30304,33,Canada,1991,448884.0
30305,33,Canada,1992,439386.0
30306,33,Canada,1993,445511.0
30307,33,Canada,1994,437212.0
30308,33,Canada,1995,419268.0
30309,33,Canada,1996,417673.0
30310,33,Canada,1997,412247.0
30311,33,Canada,1998,420146.0
30312,33,Canada,1999,404116.0
30313,33,Canada,2000,371292.0
30314,33,Canada,2001,322559.0
30315,33,Canada,2002,323700.0
30316,33,Canada,2003,329982.0
30317,33,Canada,2004,321988.0
30318,33,Canada,2005,342149.0
30319,33,Canada,2006,346284.0
30320,33,Canada,2007,335538.0
30321,33,Canada,2008,330144.0
30322,33,Canada,2009,326870.0
30323,33,Canada,2010,306628.0
30324,33,Canada,2011,307898.0
30325,33,Canada,2012,305667.0
30326,33,Canada,2013,313996.0
30327,33,Canada,2014,305135.0
30328,33,Canada,2015,294937.0
30329,33,Canada,2016,289233.0
30330,33,Canada,2017,279673.0
30331,33,Canada,2018,277390.0
30332,33,Canada,2019,287833.0
30333,33,Canada,2020,281070.0
32200,39,Chad,2018,3024411.0
32700,40,Chile,1990,753444.0
32701,40,Chile,1992,770453.0
32702,40,Chile,1994,724258.0
32703,40,Chile,1996,795877.0
32704,40,Chile,1998,734299.0
32705,40,Chile,2000,712957.0
32706,40,Chile,2003,787306.0
32707,40,Chile,2006,820776.0
32708,40,Chile,2009,760092.0
33879,40,Chile,2010,756227.0
33880,40,Chile,2011,768286.0
33881,40,Chile,2012,761239.0
33882,40,Chile,2013,737731.0
33883,40,Chile,2014,743063.0
33884,40,Chile,2015,752805.0
33885,40,Chile,2016,769313.0
33886,40,Chile,2017,765725.0
33887,40,Chile,2018,773222.0
33888,40,Chile,2019,763284.0
33889,40,Chile,2020,546060.0
36869,44,Colombia,2002,3134040.0
36870,44,Colombia,2003,3172733.0
36871,44,Colombia,2004,3253043.0
36872,44,Colombia,2005,3407683.0
36873,44,Colombia,2006,3323280.0
36874,44,Colombia,2007,902748.0
36875,44,Colombia,2008,3151327.0
36876,44,Colombia,2009,3339859.0
36877,44,Colombia,2010,3494747.0
36878,44,Colombia,2011,3518964.0
36879,44,Colombia,2012,3558419.0
36880,44,Colombia,2013,3457258.0
36881,44,Colombia,2014,3457546.0
36882,44,Colombia,2015,3500600.0
36883,44,Colombia,2016,3523811.0
36884,44,Colombia,2017,3676325.0
36885,44,Colombia,2018,3736719.0
36886,44,Colombia,2019,3493847.0
36887,44,Colombia,2020,3276716.0
39135,45,Comoros,2004,68517.0
39414,45,Comoros,2014,65938.0
39534,46,Congo,2005,414844.0
39803,46,Congo,2009,21037.0
39856,47,Cook Islands,2016,549.0
39897,47,Cook Islands,2019,217.0
40144,48,Costa Rica,2001,234816.0
40145,48,Costa Rica,2002,244125.0
40146,48,Costa Rica,2003,242475.0
40147,48,Costa Rica,2004,241230.0
40148,48,Costa Rica,2005,264259.0
40149,48,Costa Rica,2006,250638.0
40150,48,Costa Rica,2007,248763.0
40151,48,Costa Rica,2008,239961.0
40152,48,Costa Rica,2009,229580.0
40153,48,Costa Rica,2010,233540.0
41627,48,Costa Rica,2011,198573.0
41628,48,Costa Rica,2012,203816.0
41629,48,Costa Rica,2013,200067.0
41630,48,Costa Rica,2014,229902.0
41631,48,Costa Rica,2015,252801.0
41632,48,Costa Rica,2016,243197.0
41633,48,Costa Rica,2017,256343.00000000003
41634,48,Costa Rica,2018,260791.99999999997
41635,48,Costa Rica,2019,259380.0
41636,48,Costa Rica,2020,247262.0
42794,107,Côte d'Ivoire,2012,1900074.0
42795,107,Côte d'Ivoire,2013,4067920.0
42796,107,Côte d'Ivoire,2016,4125663.9999999995
42797,107,Côte d'Ivoire,2017,3227421.0
43556,98,Croatia,2008,226854.0
43557,98,Croatia,2009,234072.0
43558,98,Croatia,2010,240763.0
43559,98,Croatia,2011,236794.0
43560,98,Croatia,2012,191620.0
43561,98,Croatia,2013,164184.0
43562,98,Croatia,2014,148738.0
43563,98,Croatia,2015,146025.0
43564,98,Croatia,2016,120652.0
43565,98,Croatia,2017,113252.0
43566,98,Croatia,2018,103097.0
43567,98,Croatia,2019,103755.0
43568,98,Croatia,2020,106862.0
45843,50,Cyprus,2008,16199.000000000002
45844,50,Cyprus,2009,15047.0
45845,50,Cyprus,2010,15000.0
45846,50,Cyprus,2011,15245.0
45847,50,Cyprus,2012,11220.0
45848,50,Cyprus,2013,11337.0
45849,50,Cyprus,2014,16070.0
45850,50,Cyprus,2015,14311.0
45851,50,Cyprus,2016,13228.0
45852,50,Cyprus,2017,9596.0
45853,50,Cyprus,2018,8682.0
45854,50,Cyprus,2019,10040.0
45855,50,Cyprus,2020,11401.0
48166,167,Czechia,2008,158787.0
48167,167,Czechia,2009,153787.0
48168,167,Czechia,2010,151248.0
48169,167,Czechia,2011,145631.0
48170,167,Czechia,2012,149156.0
48171,167,Czechia,2013,149606.0
48172,167,Czechia,2014,136717.0
48173,167,Czechia,2015,147487.0
48174,167,Czechia,2016,149078.0
48175,167,Czechia,2017,146333.0
48176,167,Czechia,2018,148335.0
48177,167,Czechia,2019,141262.0
48178,167,Czechia,2020,136637.0
50585,250,Democratic Republic of the Congo,2005,13677100.0
50586,250,Democratic Republic of the Congo,2012,17026893.0
51110,54,Denmark,2008,75932.0
51111,54,Denmark,2009,74983.0
51112,54,Denmark,2010,67663.0
51113,54,Denmark,2011,63636.0
51114,54,Denmark,2012,69668.0
51115,54,Denmark,2013,68233.0
51116,54,Denmark,2014,65915.0
51117,54,Denmark,2015,67292.0
51118,54,Denmark,2016,63841.0
51119,54,Denmark,2017,58297.0
51120,54,Denmark,2018,61949.0
51121,54,Denmark,2019,63751.0
51122,54,Denmark,2020,60122.0
53854,72,Djibouti,2017,1006.9999999999999
54653,56,Dominican Republic,2000,475995.0
54654,56,Dominican Republic,2001,433258.0
54655,56,Dominican Republic,2002,474406.0
54656,56,Dominican Republic,2003,441468.0
54657,56,Dominican Republic,2004,452302.0
54658,56,Dominican Republic,2005,443060.0
54659,56,Dominican Republic,2006,461478.0
54660,56,Dominican Republic,2007,444690.0
54661,56,Dominican Republic,2008,450720.0
54662,56,Dominican Republic,2009,457091.0
54663,56,Dominican Republic,2010,450202.0
54664,56,Dominican Republic,2011,452706.0
54665,56,Dominican Republic,2012,436259.0
54666,56,Dominican Republic,2013,428767.0
54667,56,Dominican Republic,2014,452132.0
54668,56,Dominican Republic,2015,399676.0
54669,56,Dominican Republic,2016,380506.0
54670,56,Dominican Republic,2017,419731.0
54671,56,Dominican Republic,2018,423514.0
54672,56,Dominican Republic,2019,409394.0
54673,56,Dominican Republic,2020,393090.0
57218,58,Ecuador,2001,1669338.0
57219,58,Ecuador,2003,1579841.0
57220,58,Ecuador,2004,1711045.0
57221,58,Ecuador,2005,1775371.0
57222,58,Ecuador,2006,1794064.0
57223,58,Ecuador,2007,1714376.0
57224,58,Ecuador,2008,1712223.0
57225,58,Ecuador,2009,1747611.0
57226,58,Ecuador,2010,1712682.0
57227,58,Ecuador,2011,1748080.0
57228,58,Ecuador,2012,1820531.0
57229,58,Ecuador,2013,1784109.0
57230,58,Ecuador,2014,1715111.0
57231,58,Ecuador,2015,1872962.0
57232,58,Ecuador,2016,2015832.0
57233,58,Ecuador,2017,2150786.0
57234,58,Ecuador,2018,2242034.0
57235,58,Ecuador,2019,2335686.0
57236,58,Ecuador,2020,2246395.0
59867,59,Egypt,2008,7116256.0
59868,59,Egypt,2009,6875612.0
59869,59,Egypt,2010,6727587.0
59870,59,Egypt,2011,6810247.0
59871,59,Egypt,2012,6378595.0
59872,59,Egypt,2013,6703157.0
59873,59,Egypt,2015,6396659.0
59874,59,Egypt,2016,6477890.0
59875,59,Egypt,2017,6510188.0
59876,59,Egypt,2018,5629207.0
59877,59,Egypt,2019,5509021.0
61416,60,El Salvador,2010,498312.0
61417,60,El Salvador,2011,532388.0
61418,60,El Salvador,2012,536700.0
61419,60,El Salvador,2013,515010.99999999994
61420,60,El Salvador,2014,496147.0
61421,60,El Salvador,2015,483013.0
61422,60,El Salvador,2016,509375.0
61423,60,El Salvador,2017,511196.0
61424,60,El Salvador,2018,470215.0
61425,60,El Salvador,2019,473848.0
63502,63,Estonia,2008,25549.0
63503,63,Estonia,2009,24041.0
63504,63,Estonia,2010,23917.0
63505,63,Estonia,2011,26597.0
63506,63,Estonia,2012,27608.0
63507,63,Estonia,2013,26454.0
63508,63,Estonia,2014,24077.0
63509,63,Estonia,2015,24954.0
63510,63,Estonia,2016,25037.0
63511,63,Estonia,2017,23128.0
63512,63,Estonia,2018,21896.0
63513,63,Estonia,2019,21262.0
63514,63,Estonia,2020,19463.0
66050,209,Eswatini,2016,37674.0
66365,238,Ethiopia,1999,14134489.0
66366,238,Ethiopia,2005,20884138.0
66367,238,Ethiopia,2013,25215520.0
67005,66,Fiji,2005,88804.0
67006,66,Fiji,2011,152577.0
67007,66,Fiji,2016,62437.0
67636,67,Finland,2008,113885.0
67637,67,Finland,2009,113262.0
67638,67,Finland,2010,108134.0
67639,67,Finland,2011,104193.0
67640,67,Finland,2012,102844.0
67641,67,Finland,2013,101091.0
67642,67,Finland,2014,103664.0
67643,67,Finland,2015,102558.0
67644,67,Finland,2016,94292.0
67645,67,Finland,2017,92887.0
67646,67,Finland,2018,94009.0
67647,67,Finland,2019,96654.0
67648,67,Finland,2020,92171.0
70327,68,France,2008,706125.0
70328,68,France,2009,748963.0
70329,68,France,2010,744528.0
70330,68,France,2011,746332.0
70331,68,France,2012,749850.0
70332,68,France,2013,786430.0
70333,68,France,2014,742849.0
70334,68,France,2015,708615.0
70335,68,France,2016,751496.0
70336,68,France,2017,689917.0
70337,68,France,2018,664975.0
70338,68,France,2019,672388.0
70339,68,France,2020,625652.0
74033,75,Gambia,2012,161261.0
74034,75,Gambia,2018,41658.0
74514,73,Georgia,2009,794955.0
74515,73,Georgia,2010,781871.0
74516,73,Georgia,2011,796449.0
74517,73,Georgia,2012,779004.0
74518,73,Georgia,2013,774275.0
74519,73,Georgia,2014,778018.0
74520,73,Georgia,2015,760502.0
74521,73,Georgia,2016,749978.0
75486,73,Georgia,2017,735921.0
75487,73,Georgia,2018,659037.0
75488,73,Georgia,2019,644588.0
75489,73,Georgia,2020,246146.0
76181,79,Germany,2008,687906.0
76182,79,Germany,2009,647223.0
76183,79,Germany,2010,625908.0
76184,79,Germany,2011,637902.0
76185,79,Germany,2012,610602.0
76186,79,Germany,2013,571831.0
76187,79,Germany,2014,569550.0
76188,79,Germany,2015,560507.0
76189,79,Germany,2016,539863.0
76190,79,Germany,2017,531963.0
76191,79,Germany,2018,523717.0
76192,79,Germany,2019,510541.0
76193,79,Germany,2020,540488.0
79048,81,Ghana,2006,5000739.0
79049,81,Ghana,2013,5434974.0
79050,81,Ghana,2017,2721937.0
79578,81,Ghana,2015,3110560.0
79722,81,Ghana,2000,3943010.0
79723,81,Ghana,2010,4287790.0
80214,84,Greece,2008,513804.0
80215,84,Greece,2009,532867.0
80216,84,Greece,2010,544171.0
80217,84,Greece,2011,500676.0
80218,84,Greece,2012,480499.0
80219,84,Greece,2013,481051.0
80220,84,Greece,2014,479886.0
80221,84,Greece,2015,465703.0
80222,84,Greece,2016,454520.0
80223,84,Greece,2017,453359.0
80224,84,Greece,2018,469611.0
80225,84,Greece,2019,453624.0
80226,84,Greece,2020,412008.0
83643,89,Guatemala,2006,1497072.0
84051,89,Guatemala,2003,1482792.0
84052,89,Guatemala,2004,1608773.0
84053,89,Guatemala,2010,1736841.0
84054,89,Guatemala,2011,2008574.0
84055,89,Guatemala,2012,1953422.0
84056,89,Guatemala,2013,1780639.0
84057,89,Guatemala,2014,1910961.0
84058,89,Guatemala,2015,1989219.0
84059,89,Guatemala,2016,1902063.0
84060,89,Guatemala,2017,2125370.0
84061,89,Guatemala,2018,2276338.0
84062,89,Guatemala,2019,2208561.0
85308,90,Guinea,2002,2080893.9999999998
86009,91,Guyana,2018,39925.0
86142,93,Haiti,2012,1209691.0
86764,95,Honduras,2005,837681.0
86765,95,Honduras,2006,920968.0
86766,95,Honduras,2007,894606.0
86767,95,Honduras,2008,971163.0
86768,95,Honduras,2009,1051857.0
86769,95,Honduras,2010,1123741.0
86770,95,Honduras,2011,1091446.0
86771,95,Honduras,2012,1152291.0
86772,95,Honduras,2013,1151314.0
86773,95,Honduras,2014,953461.0
86774,95,Honduras,2015,998174.0
86775,95,Honduras,2016,961096.0
86776,95,Honduras,2017,1172832.0
86777,95,Honduras,2018,1201996.0
86778,95,Honduras,2019,1130434.0
88863,97,Hungary,2008,166039.0
88864,97,Hungary,2009,172735.0
88865,97,Hungary,2010,169472.0
88866,97,Hungary,2011,183660.0
88867,97,Hungary,2012,193798.0
88868,97,Hungary,2013,185970.0
88869,97,Hungary,2014,190993.0
88870,97,Hungary,2015,205989.0
88871,97,Hungary,2016,219140.0
88872,97,Hungary,2017,222691.0
88873,97,Hungary,2018,216690.0
88874,97,Hungary,2019,213074.0
88875,97,Hungary,2020,212181.0
91159,99,Iceland,2008,8141.0
91160,99,Iceland,2009,8003.0
91161,99,Iceland,2010,9238.0
91162,99,Iceland,2011,9089.0
91163,99,Iceland,2012,9283.0
91164,99,Iceland,2013,7673.0
91165,99,Iceland,2014,8039.0
91166,99,Iceland,2015,7762.0
91167,99,Iceland,2016,7404.0
91168,99,Iceland,2017,7267.0
91169,99,Iceland,2018,7973.0
91170,99,Iceland,2019,8095.000000000001
91171,99,Iceland,2020,7859.0
93230,100,India,1994,174927176.0
93231,100,India,2000,195060345.0
93232,100,India,2005,203429491.0
93233,100,India,2010,190435240.0
93234,100,India,2012,180132202.0
93904,100,India,2018,156232247.0
93905,100,India,2019,151082675.0
94621,101,Indonesia,1997,34789927.0
94622,101,Indonesia,1998,39414765.0
94623,101,Indonesia,1999,38378133.0
94624,101,Indonesia,2000,40676713.0
94625,101,Indonesia,2001,39743908.0
94626,101,Indonesia,2002,40633627.0
94627,101,Indonesia,2003,43042104.0
94628,101,Indonesia,2004,40608019.0
94629,101,Indonesia,2005,41309776.0
94630,101,Indonesia,2006,40136242.0
94631,101,Indonesia,2007,41206474.0
94632,101,Indonesia,2008,42010671.0
94633,101,Indonesia,2009,42320667.0
94634,101,Indonesia,2010,42160374.0
94635,101,Indonesia,2011,40809426.0
94636,101,Indonesia,2012,40794598.0
94637,101,Indonesia,2013,39992491.0
94638,101,Indonesia,2014,39904349.0
94639,101,Indonesia,2015,38936567.0
94640,101,Indonesia,2016,38034912.0
94641,101,Indonesia,2017,37804198.0
94642,101,Indonesia,2018,37201802.0
94643,101,Indonesia,2019,36926038.0
94644,101,Indonesia,2020,38335547.0
97704,102,Iran (Islamic Republic of),2005,468415.0
97705,102,Iran (Islamic Republic of),2006,465437.0
97706,102,Iran (Islamic Republic of),2007,484111.0
97707,102,Iran (Islamic Republic of),2008,3887783.0
97708,102,Iran (Islamic Republic of),2009,3962176.0
97709,102,Iran (Islamic Republic of),2010,3582566.0
97710,102,Iran (Islamic Republic of),2011,3413013.0
97711,102,Iran (Islamic Republic of),2012,3662472.0
97712,102,Iran (Islamic Republic of),2013,3588738.0
97713,102,Iran (Islamic Republic of),2014,3555062.0
97714,102,Iran (Islamic Republic of),2015,3716713.0
97715,102,Iran (Islamic Republic of),2016,3695694.0
97716,102,Iran (Islamic Republic of),2017,3815683.0
97717,102,Iran (Islamic Republic of),2018,3902356.0
97718,102,Iran (Islamic Republic of),2019,4082597.0
99158,104,Ireland,2008,115864.0
99159,104,Ireland,2009,112266.0
99160,104,Ireland,2010,110307.0
99161,104,Ireland,2011,107873.0
99162,104,Ireland,2012,108653.0
99163,104,Ireland,2013,111847.0
99164,104,Ireland,2014,108052.0
99165,104,Ireland,2015,109453.0
99166,104,Ireland,2016,112341.0
99167,104,Ireland,2017,110367.0
99168,104,Ireland,2018,107310.0
99169,104,Ireland,2019,102711.0
99170,104,Ireland,2020,102653.0
102294,105,Israel,2012,36028.0
102295,105,Israel,2013,41939.0
102296,105,Israel,2014,38657.0
102297,105,Israel,2015,36328.0
102298,105,Israel,2016,37136.0
102299,105,Israel,2017,37383.0
103425,106,Italy,2008,854124.0
103426,106,Italy,2009,837739.0
103427,106,Italy,2010,849086.0
103428,106,Italy,2011,831913.0
103429,106,Italy,2012,833379.0
103430,106,Italy,2013,799154.0
103431,106,Italy,2014,811748.0
103432,106,Italy,2015,842840.0
103433,106,Italy,2016,884000.0
103434,106,Italy,2017,871223.0
103435,106,Italy,2018,872368.0
103436,106,Italy,2019,908779.0
103437,106,Italy,2020,912301.0
107362,110,Japan,2000,2787280.0
107363,110,Japan,2001,2670213.0
107364,110,Japan,2002,2880363.0
107365,110,Japan,2003,2806543.0
107366,110,Japan,2004,2792750.0
107367,110,Japan,2005,2707066.0
107368,110,Japan,2006,2631885.0
107369,110,Japan,2007,2634102.0
107370,110,Japan,2008,2617074.0
107371,110,Japan,2009,2530619.0
107372,110,Japan,2010,2439290.0
107373,110,Japan,2011,2241210.0
107374,110,Japan,2012,2333196.0
108477,112,Jordan,2017,69264.0
108478,112,Jordan,2018,79224.0
108479,112,Jordan,2019,76493.0
109326,114,Kenya,2019,6288368.0
109775,114,Kenya,1999,5078938.0
109884,83,Kiribati,2019,4584.0
109936,83,Kiribati,2015,6802.0
110443,113,Kyrgyzstan,2018,486521.0
111176,120,Lao People's Democratic Republic,2010,2155111.0
111177,120,Lao People's Democratic Republic,2017,550720.0
111639,119,Latvia,2008,83913.0
111640,119,Latvia,2009,79477.0
111641,119,Latvia,2010,73258.0
111642,119,Latvia,2011,76615.0
111643,119,Latvia,2012,73284.0
111644,119,Latvia,2013,71938.0
111645,119,Latvia,2014,66350.0
111646,119,Latvia,2015,71110.0
111647,119,Latvia,2016,68666.0
111648,119,Latvia,2017,61419.0
111649,119,Latvia,2018,63277.0
111650,119,Latvia,2019,66258.0
111651,119,Latvia,2020,64339.0
113813,121,Lebanon,2019,56591.0
114049,122,Lesotho,2019,66606.0
114402,123,Liberia,2012,184773.0
114403,123,Liberia,2014,236956.0
114679,123,Liberia,2010,507789.0
115434,126,Lithuania,2008,115091.0
115435,126,Lithuania,2009,118356.0
115436,126,Lithuania,2010,110174.0
115437,126,Lithuania,2011,106382.0
115438,126,Lithuania,2012,112222.0
115439,126,Lithuania,2013,108888.0
115440,126,Lithuania,2014,120902.0
115441,126,Lithuania,2015,121065.0
115442,126,Lithuania,2016,108576.0
115443,126,Lithuania,2017,105458.0
115444,126,Lithuania,2018,98740.0
115445,126,Lithuania,2019,88718.0
115446,126,Lithuania,2020,77276.0
117762,256,Luxembourg,2008,3366.0
117763,256,Luxembourg,2009,2873.0
117764,256,Luxembourg,2010,2311.0
117765,256,Luxembourg,2011,2685.0
117766,256,Luxembourg,2012,3060.0
117767,256,Luxembourg,2013,3681.0
117768,256,Luxembourg,2014,3428.0
117769,256,Luxembourg,2015,2455.0
117770,256,Luxembourg,2016,2378.0
117771,256,Luxembourg,2017,3145.0
117772,256,Luxembourg,2018,2680.0
117773,256,Luxembourg,2019,1843.0
117774,256,Luxembourg,2020,2130.0
120033,129,Madagascar,2012,7031937.0
120034,129,Madagascar,2015,8232689.0
120677,130,Malawi,2013,3776378.0
121702,132,Maldives,2009,13267.0
121703,132,Maldives,2016,12868.0
121704,132,Maldives,2019,13428.0
122014,132,Maldives,2014,16410.0
122392,133,Mali,2013,4100817.0
122393,133,Mali,2014,3821669.0
122394,133,Mali,2015,3626288.0
122395,133,Mali,2016,3542244.0
122396,133,Mali,2017,3794915.0
122397,133,Mali,2018,3748001.0
123302,134,Malta,2008,2834.0
123303,134,Malta,2009,2330.0
123304,134,Malta,2010,2174.0
123305,134,Malta,2011,1942.0
123306,134,Malta,2012,1807.0
123307,134,Malta,2013,2293.0
123308,134,Malta,2014,2465.0
123309,134,Malta,2015,2910.0
123310,134,Malta,2016,2431.0
123311,134,Malta,2017,2201.0
123312,134,Malta,2018,2376.0
123313,134,Malta,2019,2577.0
123314,134,Malta,2020,2877.0
124581,127,Marshall Islands,2019,826.0
124871,136,Mauritania,2017,243597.0
125624,137,Mauritius,2001,53230.0
125625,137,Mauritius,2002,50708.0
125626,137,Mauritius,2003,64658.0
125627,137,Mauritius,2004,48846.0
125628,137,Mauritius,2005,49105.0
125629,137,Mauritius,2006,46959.0
125630,137,Mauritius,2008,44760.0
125631,137,Mauritius,2009,45035.0
125632,137,Mauritius,2010,43721.0
125633,137,Mauritius,2011,38772.0
125634,137,Mauritius,2012,38879.0
125635,137,Mauritius,2013,37302.0
125636,137,Mauritius,2014,38931.0
125637,137,Mauritius,2015,40537.0
125638,137,Mauritius,2016,38752.0
125639,137,Mauritius,2017,37830.0
125640,137,Mauritius,2018,33691.0
125641,137,Mauritius,2019,30747.0
126870,138,Mexico,2002,6803694.0
126871,138,Mexico,2003,6586002.0
126872,138,Mexico,2004,6393499.0
126873,138,Mexico,2005,6219011.0
126874,138,Mexico,2006,6126668.0
126875,138,Mexico,2007,6044910.0
126876,138,Mexico,2008,6113603.0
126877,138,Mexico,2009,6217293.0
126878,138,Mexico,2010,6365815.0
126879,138,Mexico,2011,6394483.0
126880,138,Mexico,2012,6622947.0
126881,138,Mexico,2013,6665526.0
126882,138,Mexico,2014,6750548.0
126883,138,Mexico,2015,6743945.0
126884,138,Mexico,2016,6710257.0
126885,138,Mexico,2017,6811269.0
126886,138,Mexico,2018,6826480.0
126887,138,Mexico,2019,6809839.0
126888,138,Mexico,2020,6378764.0
128942,145,Micronesia (Federated States of),2014,12301.0
129364,141,Mongolia,2008,365229.0
129365,141,Mongolia,2009,373672.0
129366,141,Mongolia,2010,346575.0
129367,141,Mongolia,2011,342771.0
129368,141,Mongolia,2012,369960.0
129369,141,Mongolia,2013,329058.0
129370,141,Mongolia,2014,310720.0
129371,141,Mongolia,2015,327560.0
129372,141,Mongolia,2016,348488.0
129373,141,Mongolia,2017,356423.0
129374,141,Mongolia,2018,334101.0
129375,141,Mongolia,2019,290160.0
129376,141,Mongolia,2020,276458.0
130964,273,Montenegro,2011,10687.0
130965,273,Montenegro,2012,10579.0
130966,273,Montenegro,2013,9201.0
130967,273,Montenegro,2014,12274.0
130968,273,Montenegro,2015,17115.0
130969,273,Montenegro,2016,17360.0
130970,273,Montenegro,2017,18194.0
130971,273,Montenegro,2018,19039.0
130972,273,Montenegro,2019,17434.0
131186,142,Montserrat,2020,67.0
131669,144,Mozambique,2015,7083697.0
132193,28,Myanmar,2015,11216919.0
132194,28,Myanmar,2017,11105821.0
132195,28,Myanmar,2018,10859829.0
132196,28,Myanmar,2019,10766985.0
132947,147,Namibia,2012,170297.0
132948,147,Namibia,2013,212773.0
132949,147,Namibia,2014,206644.0
132950,147,Namibia,2016,132824.0
132951,147,Namibia,2018,163265.0
133531,148,Nauru,2013,103.0
133761,149,Nepal,2008,8704553.0
133762,149,Nepal,2017,1523338.0
134280,150,Netherlands,2008,249910.0
134281,150,Netherlands,2009,241316.0
134282,150,Netherlands,2010,229448.0
134283,150,Netherlands,2011,205965.0
134284,150,Netherlands,2012,205142.0
134285,150,Netherlands,2013,159116.0
134286,150,Netherlands,2014,174040.0
134287,150,Netherlands,2015,177983.0
134288,150,Netherlands,2016,175122.0
134289,150,Netherlands,2017,176033.0
134290,150,Netherlands,2018,166768.0
134291,150,Netherlands,2019,167884.0
134292,150,Netherlands,2020,166298.0
138433,157,Nicaragua,2001,594923.0
138434,157,Nicaragua,2014,829034.0
138918,157,Nicaragua,2012,923722.0
139136,158,Niger,2011,4757887.0
139484,158,Niger,2012,2616339.0
139485,158,Niger,2017,650740.0
139712,159,Nigeria,2011,21547591.0
139713,159,Nigeria,2013,22113403.0
140686,154,North Macedonia,2006,106089.0
140687,154,North Macedonia,2007,105062.0
140688,154,North Macedonia,2008,117110.0
140689,154,North Macedonia,2009,112196.0
140690,154,North Macedonia,2010,109856.0
140691,154,North Macedonia,2011,120889.0
140692,154,North Macedonia,2012,112619.0
140693,154,North Macedonia,2013,127182.0
140694,154,North Macedonia,2014,127435.0
140695,154,North Macedonia,2015,126123.0
140696,154,North Macedonia,2016,120300.0
140697,154,North Macedonia,2017,120307.0
140698,154,North Macedonia,2018,119333.0
140699,154,North Macedonia,2019,111030.0
140700,154,North Macedonia,2020,90854.0
141601,162,Norway,2008,64626.00000000001
141602,162,Norway,2009,67448.0
141603,162,Norway,2010,63690.0
141604,162,Norway,2011,60015.0
141605,162,Norway,2012,57497.0
141606,162,Norway,2013,57257.0
141607,162,Norway,2014,58916.0
141608,162,Norway,2015,52962.0
141609,162,Norway,2016,54952.0
141610,162,Norway,2017,54411.0
141611,162,Norway,2018,56488.0
141612,162,Norway,2019,55296.0
141613,162,Norway,2020,57093.0
144025,165,Pakistan,2009,20879188.0
144026,165,Pakistan,2010,21430583.0
144027,165,Pakistan,2011,22347859.0
144028,165,Pakistan,2013,22669522.0
144029,165,Pakistan,2014,22949860.0
144030,165,Pakistan,2015,22669347.0
144031,165,Pakistan,2018,22372698.0
145142,180,Palau,2014,237.0
145675,299,Palestine,2000,81098.0
145676,299,Palestine,2001,58715.0
145677,299,Palestine,2002,69523.0
145678,299,Palestine,2003,87373.0
145679,299,Palestine,2004,90035.0
145680,299,Palestine,2005,90680.0
145681,299,Palestine,2006,106484.0
145682,299,Palestine,2007,110846.0
145683,299,Palestine,2008,89066.0
145684,299,Palestine,2009,84467.0
145685,299,Palestine,2010,87301.0
145686,299,Palestine,2011,75767.0
145687,299,Palestine,2012,97010.0
145688,299,Palestine,2013,91345.0
145689,299,Palestine,2014,92782.0
145690,299,Palestine,2015,80417.0
145691,299,Palestine,2016,69165.0
145692,299,Palestine,2017,63660.0
145693,299,Palestine,2018,60413.0
145694,299,Palestine,2019,61269.0
145695,299,Palestine,2020,60794.0
147682,166,Panama,1997,219625.0
147683,166,Panama,2003,243180.0
147684,166,Panama,2008,230174.0
148382,166,Panama,2011,254476.0
148383,166,Panama,2012,270192.0
148384,166,Panama,2013,273533.0
148385,166,Panama,2014,266172.0
148386,166,Panama,2015,254364.0
148387,166,Panama,2016,272022.0
148388,166,Panama,2017,258831.00000000003
148389,166,Panama,2018,265316.0
148390,166,Panama,2019,276597.0
148391,166,Panama,2020,229442.0
149564,168,Papua New Guinea,2010,372749.0
150242,169,Paraguay,1998,503339.0
150243,169,Paraguay,1999,536587.0
150244,169,Paraguay,2001,669134.0
150245,169,Paraguay,2002,708067.0
150246,169,Paraguay,2003,689901.0
150247,169,Paraguay,2004,781912.0
150248,169,Paraguay,2005,788734.0
150249,169,Paraguay,2006,730496.0
150250,169,Paraguay,2007,732705.0
150251,169,Paraguay,2008,656403.0
150252,169,Paraguay,2009,788434.0
150253,169,Paraguay,2010,718989.0
150254,169,Paraguay,2011,752141.0
150255,169,Paraguay,2012,823960.0
150256,169,Paraguay,2013,728632.0
150257,169,Paraguay,2014,701562.0
150258,169,Paraguay,2015,640944.0
150259,169,Paraguay,2016,665526.0
150260,169,Paraguay,2017,649707.0
150261,169,Paraguay,2018,664715.0
150262,169,Paraguay,2019,633493.0
150263,169,Paraguay,2020,702659.0
152679,170,Peru,2002,4593559.0
152680,170,Peru,2003,5060353.0
152681,170,Peru,2004,4569061.0
152682,170,Peru,2005,4579939.0
152683,170,Peru,2006,4610477.0
152684,170,Peru,2007,4284041.0
152685,170,Peru,2008,4269388.0
152686,170,Peru,2009,4265384.0
152687,170,Peru,2010,4234135.0
152688,170,Peru,2011,4314710.0
152689,170,Peru,2012,4337460.0
152690,170,Peru,2013,4354355.0
152691,170,Peru,2014,4439962.0
152692,170,Peru,2015,4553367.0
152693,170,Peru,2016,4656262.0
152694,170,Peru,2017,4562451.0
152695,170,Peru,2018,4635392.0
152696,170,Peru,2019,4602371.0
152697,170,Peru,2020,5296359.0
155419,171,Philippines,2006,10093887.0
155420,171,Philippines,2007,10188071.0
155421,171,Philippines,2008,10453317.0
155422,171,Philippines,2009,10426001.0
155423,171,Philippines,2010,10335681.0
155424,171,Philippines,2011,10609419.0
155425,171,Philippines,2012,12092738.0
155426,171,Philippines,2013,11835387.0
155427,171,Philippines,2014,11587961.0
155428,171,Philippines,2015,11425539.0
155429,171,Philippines,2016,11063697.0
155430,171,Philippines,2017,10260869.0
155431,171,Philippines,2018,9998247.0
155432,171,Philippines,2019,9698304.0
157217,173,Poland,2008,2206252.0
157218,173,Poland,2009,2106951.0
157219,173,Poland,2010,2018488.0
157220,173,Poland,2011,2008065.0
157221,173,Poland,2012,1960231.0
157222,173,Poland,2013,1866985.0
157223,173,Poland,2014,1819483.0
157224,173,Poland,2015,1849426.0
157225,173,Poland,2016,1707801.0
157226,173,Poland,2017,1672199.0
157227,173,Poland,2018,1577718.0
157228,173,Poland,2019,1498495.0
157229,173,Poland,2020,1567972.0
159158,174,Portugal,2008,585328.0
159159,174,Portugal,2009,568765.0
159160,174,Portugal,2010,548541.0
159161,174,Portugal,2011,483944.0
159162,174,Portugal,2012,491393.0
159163,174,Portugal,2013,453104.0
159164,174,Portugal,2014,389097.0
159165,174,Portugal,2015,342522.0
159166,174,Portugal,2016,318374.0
159167,174,Portugal,2017,304436.0
159168,174,Portugal,2018,294160.0
159169,174,Portugal,2019,270100.0
159170,174,Portugal,2020,258666.0
163403,117,Republic of Korea,2000,2210970.0
163404,117,Republic of Korea,2001,2128078.0
163405,117,Republic of Korea,2002,2051585.0
163406,117,Republic of Korea,2003,1911452.0
163407,117,Republic of Korea,2004,1898463.0
163408,117,Republic of Korea,2005,1808803.0
163409,117,Republic of Korea,2006,1764058.0
163410,117,Republic of Korea,2007,1716950.0
163411,117,Republic of Korea,2008,1689285.0
163412,117,Republic of Korea,2009,1652031.0
163413,117,Republic of Korea,2010,1575968.0
163414,117,Republic of Korea,2011,1548112.0
163415,117,Republic of Korea,2012,1518147.0
163416,117,Republic of Korea,2013,1500741.0
163417,117,Republic of Korea,2014,1435413.0
163418,117,Republic of Korea,2015,1373470.0
163419,117,Republic of Korea,2016,1307184.0
163420,117,Republic of Korea,2017,1318842.0
163421,117,Republic of Korea,2018,1340171.0
163422,117,Republic of Korea,2019,1394918.0
163423,117,Republic of Korea,2020,1445087.0
165228,146,Republic of Moldova,2010,314671.0
165229,146,Republic of Moldova,2011,323025.0
165230,146,Republic of Moldova,2012,303334.0
165231,146,Republic of Moldova,2013,337876.0
165232,146,Republic of Moldova,2014,157715.0
165233,146,Republic of Moldova,2015,338287.0
165234,146,Republic of Moldova,2016,363356.0
165235,146,Republic of Moldova,2017,390491.0
165236,146,Republic of Moldova,2018,194186.0
165237,146,Republic of Moldova,2019,182845.0
165238,146,Republic of Moldova,2020,175851.0
166586,183,Romania,2008,2689337.0
166587,183,Romania,2009,2689065.0
166588,183,Romania,2010,2701975.0
166589,183,Romania,2011,2494899.0
166590,183,Romania,2012,2556748.0
166591,183,Romania,2013,2500753.0
166592,183,Romania,2014,2441852.0
166593,183,Romania,2015,2183835.0
166594,183,Romania,2016,1951928.0
166595,183,Romania,2017,1974875.0
166596,183,Romania,2018,1938113.0
166597,183,Romania,2019,1843760.0
166598,183,Romania,2020,1747252.0
168449,185,Russian Federation,2010,5417959.0
168450,185,Russian Federation,2011,5446201.0
168451,185,Russian Federation,2012,5241508.0
168452,185,Russian Federation,2013,4991880.0
168453,185,Russian Federation,2014,4810593.0
168454,185,Russian Federation,2015,4852766.0
168455,185,Russian Federation,2016,4863160.0
168456,185,Russian Federation,2017,4268046.0
168457,185,Russian Federation,2018,4266767.0
168458,185,Russian Federation,2019,4196055.0
168459,185,Russian Federation,2020,4236657.0
169528,184,Rwanda,2014,3755760.0
169846,184,Rwanda,2017,1257521.0
169847,184,Rwanda,2018,1274746.0
169848,184,Rwanda,2019,1236385.0
170492,189,Saint Lucia,2017,8112.0
170493,189,Saint Lucia,2018,8815.0
170494,189,Saint Lucia,2019,8186.999999999999
171014,244,Samoa,2012,1851.0
171015,244,Samoa,2017,9017.0
172369,195,Senegal,2015,1134424.0
172908,272,Serbia,2008,705981.0
172909,272,Serbia,2009,623433.0
172910,272,Serbia,2010,535124.0
172911,272,Serbia,2011,478111.0
172912,272,Serbia,2012,467104.0
172913,272,Serbia,2013,491952.0
172914,272,Serbia,2014,508136.0
172915,272,Serbia,2015,499610.0
172916,272,Serbia,2016,506120.0
172917,272,Serbia,2017,481145.0
172918,272,Serbia,2018,450985.0
172919,272,Serbia,2019,452746.0
172920,272,Serbia,2020,421424.0
174287,196,Seychelles,2014,1728.0
174288,196,Seychelles,2015,1078.0
174289,196,Seychelles,2016,1603.0
174290,196,Seychelles,2017,1714.0
174291,196,Seychelles,2018,1812.0
174292,196,Seychelles,2019,1612.0
174704,197,Sierra Leone,2014,930589.0
175585,199,Slovakia,2008,96259.0
175586,199,Slovakia,2009,84895.0
175587,199,Slovakia,2010,74944.0
175588,199,Slovakia,2011,71265.0
175589,199,Slovakia,2012,75381.0
175590,199,Slovakia,2013,77071.0
175591,199,Slovakia,2014,82642.0
175592,199,Slovakia,2015,77050.0
175593,199,Slovakia,2016,71935.0
175594,199,Slovakia,2017,68530.0
175595,199,Slovakia,2018,58859.0
175596,199,Slovakia,2019,71984.0
175597,199,Slovakia,2020,65334.99999999999
177380,198,Slovenia,2008,85183.0
177381,198,Slovenia,2009,88971.0
177382,198,Slovenia,2010,84843.0
177383,198,Slovenia,2011,80094.0
177384,198,Slovenia,2012,77131.0
177385,198,Slovenia,2013,76637.0
177386,198,Slovenia,2014,87737.0
177387,198,Slovenia,2015,64143.0
177388,198,Slovenia,2016,45608.0
177389,198,Slovenia,2017,53035.0
177390,198,Slovenia,2018,53408.0
177391,198,Slovenia,2019,41860.0
177392,198,Slovenia,2020,39885.0
179127,25,Solomon Islands,2013,151195.0
179909,202,South Africa,2000,1017014.0
179910,202,South Africa,2001,1019045.0
179911,202,South Africa,2002,1088940.0
179912,202,South Africa,2003,1001030.0
179913,202,South Africa,2004,935495.0
179914,202,South Africa,2005,763463.0
179915,202,South Africa,2006,759058.0
179916,202,South Africa,2007,773626.0
179917,202,South Africa,2008,820053.0
179918,202,South Africa,2009,723787.0
179919,202,South Africa,2010,675824.0
179920,202,South Africa,2011,652138.0
179921,202,South Africa,2012,702801.0
179922,202,South Africa,2013,748524.0
179923,202,South Africa,2014,711622.0
179924,202,South Africa,2015,892704.0
179925,202,South Africa,2016,888829.0
179926,202,South Africa,2017,864096.0
179927,202,South Africa,2018,856935.0
179928,202,South Africa,2019,875205.0
179929,202,South Africa,2020,837731.0
181729,203,Spain,2008,828098.0
181730,203,Spain,2009,788159.0
181731,203,Spain,2010,786013.0
181732,203,Spain,2011,755251.0
181733,203,Spain,2012,743378.0
181734,203,Spain,2013,736564.0
181735,203,Spain,2014,735909.0
181736,203,Spain,2015,736759.0
181737,203,Spain,2016,774604.0
181738,203,Spain,2017,819435.0
181739,203,Spain,2018,812550.0
181740,203,Spain,2019,797267.0
181741,203,Spain,2020,765334.0
185390,38,Sri Lanka,2010,2322213.0
185391,38,Sri Lanka,2011,2257310.0
185392,38,Sri Lanka,2013,2320853.0
185393,38,Sri Lanka,2014,2223108.0
185394,38,Sri Lanka,2015,2244547.0
185395,38,Sri Lanka,2016,2153874.0
185396,38,Sri Lanka,2017,2140185.0
185397,38,Sri Lanka,2018,2043698.0
186536,206,Sudan (former),2011,3218776.0
186649,207,Suriname,2016,14299.0
187270,210,Sweden,2008,96990.0
187271,210,Sweden,2009,97630.0
187272,210,Sweden,2010,94776.0
187273,210,Sweden,2011,91628.0
187274,210,Sweden,2012,95418.0
187275,210,Sweden,2013,95097.0
187276,210,Sweden,2014,93720.0
187277,210,Sweden,2015,97874.0
187278,210,Sweden,2016,91982.0
187279,210,Sweden,2017,91485.0
187280,210,Sweden,2018,87925.0
187281,210,Sweden,2019,86294.0
187282,210,Sweden,2020,86943.0
189992,211,Switzerland,2008,140042.0
189993,211,Switzerland,2009,131172.0
189994,211,Switzerland,2010,138906.0
189995,211,Switzerland,2011,144468.0
189996,211,Switzerland,2012,147765.0
189997,211,Switzerland,2013,149603.0
189998,211,Switzerland,2014,154838.0
189999,211,Switzerland,2015,151890.0
190000,211,Switzerland,2016,150798.0
190001,211,Switzerland,2017,140694.0
190002,211,Switzerland,2018,138531.0
190003,211,Switzerland,2019,119409.0
190004,211,Switzerland,2020,118372.0
191871,208,Tajikistan,2009,822626.0
192591,216,Thailand,2010,14546874.0
192592,216,Thailand,2014,12732721.0
192593,216,Thailand,2015,12271911.0
192594,216,Thailand,2016,11746615.0
192595,216,Thailand,2017,11783270.0
192596,216,Thailand,2018,12168287.0
192597,216,Thailand,2019,11820891.0
192598,216,Thailand,2020,11810475.0
193919,176,Timor-Leste,2010,127592.0
193920,176,Timor-Leste,2013,76901.0
193921,176,Timor-Leste,2016,214297.0
194301,217,Togo,2006,1292860.0
194302,217,Togo,2011,723467.0
194303,217,Togo,2015,315145.0
194597,217,Togo,2014,570264.0
194861,217,Togo,2017,714520.0
195155,219,Tonga,2018,5608.0
195634,220,Trinidad and Tobago,2011,22553.0
195635,220,Trinidad and Tobago,2012,23157.0
195636,220,Trinidad and Tobago,2013,21970.0
195637,220,Trinidad and Tobago,2014,22872.0
195638,220,Trinidad and Tobago,2015,21278.0
195639,220,Trinidad and Tobago,2016,19850.0
196284,222,Tunisia,2005,536667.0
196285,222,Tunisia,2006,572689.0
196286,222,Tunisia,2007,565619.0
196287,222,Tunisia,2008,557780.0
196288,222,Tunisia,2010,575775.0
196289,222,Tunisia,2011,510022.0
196290,222,Tunisia,2012,550012.0
196291,222,Tunisia,2013,507443.0
196292,222,Tunisia,2015,499491.0
196293,222,Tunisia,2016,502436.0
196294,222,Tunisia,2017,509924.0
197537,223,Turkey,2009,4881156.0
197538,223,Turkey,2010,5355444.0
197539,223,Turkey,2011,5822050.0
197540,223,Turkey,2012,5846379.0
197541,223,Turkey,2013,5850103.0
197542,223,Turkey,2014,5467513.0
197543,223,Turkey,2015,5431844.0
197544,223,Turkey,2016,5307333.0
197545,223,Turkey,2017,5465580.0
197546,223,Turkey,2018,5295829.0
197547,223,Turkey,2019,5084884.0
197548,223,Turkey,2020,4705508.0
198665,227,Tuvalu,2016,1098.0
198952,226,Uganda,2012,7012061.0
198953,226,Uganda,2017,4095242.0
200193,225,United Arab Emirates,2017,65857.0
200194,225,United Arab Emirates,2018,105703.0
200195,225,United Arab Emirates,2019,165340.0
200592,229,United Kingdom of Great Britain and Northern Ireland,2008,318007.0
200593,229,United Kingdom of Great Britain and Northern Ireland,2009,320537.0
200594,229,United Kingdom of Great Britain and Northern Ireland,2010,351570.0
200595,229,United Kingdom of Great Britain and Northern Ireland,2011,354825.0
200596,229,United Kingdom of Great Britain and Northern Ireland,2012,348423.0
200597,229,United Kingdom of Great Britain and Northern Ireland,2013,314220.0
200598,229,United Kingdom of Great Britain and Northern Ireland,2014,382013.0
200599,229,United Kingdom of Great Britain and Northern Ireland,2015,352735.0
200600,229,United Kingdom of Great Britain and Northern Ireland,2016,354366.0
200601,229,United Kingdom of Great Britain and Northern Ireland,2017,369647.0
200602,229,United Kingdom of Great Britain and Northern Ireland,2018,344177.0
200603,229,United Kingdom of Great Britain and Northern Ireland,2019,341035.0
203726,215,United Republic of Tanzania,2001,12104972.0
203727,215,United Republic of Tanzania,2006,11804079.0
203728,215,United Republic of Tanzania,2014,14399773.0
204625,231,United States of America,2003,2070949.9999999998
204626,231,United States of America,2004,2041648.0
204627,231,United States of America,2005,1994475.0
204628,231,United States of America,2006,2006216.0
204629,231,United States of America,2007,1887747.0
204630,231,United States of America,2008,1943790.0
204631,231,United States of America,2009,1888286.0
204632,231,United States of America,2010,1978892.0
204633,231,United States of America,2011,2020801.0
204634,231,United States of America,2012,1966731.0
204635,231,United States of America,2013,1895752.0
204636,231,United States of America,2014,1971265.0
204637,231,United States of America,2015,2138618.0
204638,231,United States of America,2016,2165220.0
204639,231,United States of America,2017,2188215.0
204640,231,United States of America,2018,2132997.0
204641,231,United States of America,2019,2137002.0
204642,231,United States of America,2020,2100791.0
207406,234,Uruguay,2000,40698.0
207407,234,Uruguay,2001,40604.0
207408,234,Uruguay,2002,38828.0
207409,234,Uruguay,2003,40691.0
207410,234,Uruguay,2004,46611.0
207411,234,Uruguay,2005,43062.0
207412,234,Uruguay,2006,139572.0
207413,234,Uruguay,2007,141550.0
207414,234,Uruguay,2008,144285.0
207415,234,Uruguay,2009,153327.0
207416,234,Uruguay,2010,180304.0
207417,234,Uruguay,2011,160745.0
207418,234,Uruguay,2012,134475.0
207419,234,Uruguay,2013,150164.0
207420,234,Uruguay,2014,151150.0
207421,234,Uruguay,2015,145442.0
207422,234,Uruguay,2016,135288.0
207423,234,Uruguay,2017,143717.0
207424,234,Uruguay,2018,136725.0
207425,234,Uruguay,2019,135093.0
209459,155,Vanuatu,2006,55202.0
209460,155,Vanuatu,2010,60488.0
209461,155,Vanuatu,2019,31618.0
209950,155,Vanuatu,2009,57191.0
210468,236,Venezuela (Bolivarian Republic of),2005,1063463.0
210469,236,Venezuela (Bolivarian Republic of),2006,1031770.0
210470,236,Venezuela (Bolivarian Republic of),2007,994970.0
210471,236,Venezuela (Bolivarian Republic of),2008,994509.0
210472,236,Venezuela (Bolivarian Republic of),2009,1026204.9999999999
210473,236,Venezuela (Bolivarian Republic of),2010,1021414.0
210474,236,Venezuela (Bolivarian Republic of),2011,983344.0
210475,236,Venezuela (Bolivarian Republic of),2012,958249.0
210476,236,Venezuela (Bolivarian Republic of),2016,781804.0
210477,236,Venezuela (Bolivarian Republic of),2017,1166489.0
211405,237,Viet Nam,2007,22674295.0
211406,237,Viet Nam,2009,22827225.0
211407,237,Viet Nam,2010,23970221.0
211408,237,Viet Nam,2011,24581317.0
211409,237,Viet Nam,2012,24347933.0
211410,237,Viet Nam,2013,24435388.0
211411,237,Viet Nam,2014,24427569.0
211412,237,Viet Nam,2015,23258101.0
211413,237,Viet Nam,2016,22313932.0
211414,237,Viet Nam,2017,21564822.0
211415,237,Viet Nam,2018,20465122.0
211416,237,Viet Nam,2019,14862411.0
211417,237,Viet Nam,2020,13823585.0
213248,249,Yemen,2014,1226271.0
213674,251,Zambia,2017,680304.0
213675,251,Zambia,2018,673139.0
213676,251,Zambia,2019,667582.0
214369,181,Zimbabwe,2011,3577023.0
214370,181,Zimbabwe,2014,4212176.0
214371,181,Zimbabwe,2019,1030878.9999999999
