,Country,Year,Percent of Population Below Poverty Line
0,Afghanistan,2016.0,54.5%
1,Albania,2012.0,14.3%
2,Algeria,2011.0,5.5%
3,American Samoa,,
4,Angola,2018.0,32.3%
5,Anguilla,2002.0,23.0%
6,Antigua and Barbuda,,
7,Argentina,2019.0,35.5%
8,Armenia,2019.0,26.4%
9,Aruba,,
10,Austria,2018.0,13.3%
11,Azerbaijan,2015.0,4.9%
12,Bahamas,2010.0,9.3%
13,Bahrain,,
14,Bangladesh,2016.0,24.3%
15,Barbados,,
16,Belarus,2019.0,5.0%
17,Belgium,2018.0,14.8%
18,Belize,2013.0,41.0%
19,Benin,2019.0,38.5%
20,Bermuda,2008.0,11.0%
21,Bhutan,2017.0,8.2%
22,Bolivia (Plurinational State of),2019.0,37.2%
23,Bosnia and Herzegovina,2015.0,16.9%
24,Botswana,2009.0,19.3%
25,Brazil,2016.0,4.2%
26,British Virgin Islands,,
27,Brunei Darussalam,,
28,Bulgaria,2019.0,23.8%
29,Burkina Faso,2018.0,41.4%
30,Myanmar,2017.0,24.8%
31,Burundi,2014.0,64.6%
32,Cabo Verde,2015.0,35.0%
33,Cambodia,2016.0,16.5%
34,Cameroon,2014.0,37.5%
35,Canada,2008.0,9.4%
36,Cayman Islands,,
37,Central African Republic,2008.0,62%
38,Chad,2018.0,42.3%
39,Chile,2017.0,8.6%
40,China,2019.0,0.6%
41,Colombia,2019.0,35.7%
42,Comoros,2013.0,42.4%
43,Congo,2014.0,63.0%
44,Congo,2011.0,40.9%
45,Cook Islands,,
46,Costa Rica,2019.0,21.0%
47,Cote d'Ivoire,2018.0,39.5%
48,Croatia,2018.0,18.3%
49,Cuba,,
50,Cyprus,2018.0,14.7%
51,Czechia,2018.0,10.1%
52,Denmark,2018.0,12.5%
53,Djibouti,2017.0,21.1%
54,Dominica,2009.0,29.0%
55,Dominican Republic,2019.0,21.0%
56,Ecuador,2019.0,25.0%
57,Egypt,2017.0,32.5%
58,El Salvador,2019.0,22.8%
59,Equatorial Guinea,2011.0,44.0%
60,Eritrea,2004.0,50.0%
61,Estonia,2018.0,21.7%
62,Eswatini,2016.0,58.9%
63,Ethiopia,2015.0,23.5%
64,European Union (27),2013.0,9.8%
65,Falkland Islands (Islas Malvinas),,
66,Faroe Islands,2015.0,10.0%
67,Fiji,2019.0,29.9%
68,Finland,2019.0,12.2%
69,France,2018.0,13.6%
70,French Polynesia,2009.0,19.7%
71,Gabon,2017.0,33.4%
72,Gambia,2015.0,48.6%
73,Gaza Strip,2011.0,30.0%
74,Georgia,2019.0,19.5%
75,Germany,2018.0,14.8%
76,Ghana,2016.0,23.4%
77,Gibraltar,,
78,Greece,2018.0,17.9%
79,Greenland,2015.0,16.2%
80,Grenada,2008.0,38.0%
81,Guam,2001.0,23.0%
82,Guatemala,2014.0,59.3%
83,Guernsey,,
84,Guinea,2018.0,43.7%
85,Guinea-Bissau,2015.0,67.0%
86,Guyana,2006.0,35.0%
87,Haiti,2012.0,58.5%
88,Holy See (Vatican City),,
89,Honduras,2018.0,48.3%
90,"China, Hong Kong SAR",2016.0,19.9%
91,Hungary,2018.0,12.3%
92,Iceland,2017.0,8.8%
93,India,2011.0,21.9%
94,Indonesia,2019.0,9.4%
95,Iran (Islamic Republic of),2007.0,18.7%
96,Iraq,2014.0,23.0%
97,Ireland,2018.0,13.1%
98,Isle of Man,,
99,Israel,2014.0,22.0%
100,Italy,2018.0,20.1%
101,Jamaica,2016.0,17.1%
102,Japan,2013.0,16.1%
103,Jersey,,
104,Jordan,2018.0,15.7%
105,Kazakhstan,2018.0,4.3%
106,Kenya,2015.0,36.1%
107,Kiribati,,
108,Democratic People's Republic of Korea,,
109,Republic of Korea,2016.0,14.4%
110,Kosovo,2015.0,17.6%
111,Kuwait,,
112,Kyrgyzstan,2019.0,20.1%
113,Laos,2018.0,18.3%
114,Latvia,2018.0,22.9%
115,Lebanon,2011.0,27.4%
116,Lesotho,2017.0,49.7%
117,Liberia,2016.0,50.9%
118,Libya,,33%
119,Liechtenstein,,
120,Lithuania,2018.0,20.6%
121,Luxembourg,2018.0,17.5%
122,Macau,,
123,Madagascar,2012.0,70.7%
124,Malawi,2016.0,51.5%
125,Malaysia,2018.0,5.6%
126,Maldives,2016.0,8.2%
127,Mali,2019.0,42.1%
128,Malta,2018.0,17.1%
129,Marshall Islands,,
130,Mauritania,2014.0,31.0%
131,Mauritius,2017.0,10.3%
132,Mexico,2018.0,41.9%
133,Micronesia (Federated States of),2013.0,41.2%
134,Republic of Moldova,2018.0,7.3%
135,Monaco,,
136,Mongolia,2018.0,28.4%
137,Montenegro,2018.0,24.5%
138,Montserrat,,
139,Morocco,2013.0,4.8%
140,Mozambique,2014.0,46.1%
141,Namibia,2015.0,17.4%
142,Nauru,,
143,Nepal,2011.0,25.2%
144,Netherlands,2019.0,13.6%
145,New Caledonia,2008.0,17.0%
146,New Zealand,,
147,Nicaragua,2016.0,24.9%
148,Niger,2018.0,40.8%
149,Nigeria,2018.0,40.1%
150,Niue,,
151,North Macedonia,2018.0,21.6%
152,Northern Mariana Islands,,
153,Norway,2018.0,12.7%
154,Oman,,
155,Pakistan,2015.0,24.3%
156,Palau,2006.0,43.70%
157,Panama,2016.0,22.1%
158,Papua New Guinea,2002.0,37.0%
159,Paraguay,2019.0,23.5%
160,Peru,2019.0,20.2%
161,Philippines,2018.0,16.7%
162,Poland,2018.0,15.4%
163,Portugal,2018.0,17.2%
164,Puerto Rico,,
165,Qatar,,
166,Romania,2018.0,23.8%
167,Russian Federation,2018.0,12.6%
168,Rwanda,2016.0,38.2%
169,"Saint Helena, Ascension, and Tristan da Cunha",,
170,Saint Kitts and Nevis,,
171,Saint Lucia,2016.0,25.0%
172,Saint Pierre and Miquelon,,
173,Saint Vincent and the Grenadines,,
174,Samoa,2013.0,20.3%
175,San Marino,,
176,Sao Tome and Principe,2017.0,66.7%
177,Saudi Arabia,,
178,Senegal,2011.0,46.7%
179,Serbia,2018.0,23.2%
180,Seychelles,2018.0,25.3%
181,Sierra Leone,2018.0,56.8%
182,Singapore,,
183,Slovakia,2018.0,11.9%
184,Slovenia,2018.0,12.0%
185,Solomon Islands,2012.0,12.7%
186,Somalia,,
187,South Africa,2014.0,55.5%
188,South Sudan,2016.0,76.4%
189,Spain,2018.0,20.7%
190,Sri Lanka,2016.0,4.1%
191,Sudan (former),2009.0,46.5%
192,Suriname,2002.0,70.0%
193,Sweden,2018.0,17.1%
194,Switzerland,2018.0,16.0%
195,Syrian Arab Republic,2014.0,82.5%
196,"China, Taiwan Province of",2012.0,1.5%
197,Tajikistan,2019.0,26.3%
198,United Republic of Tanzania,2017.0,26.4%
199,Thailand,2018.0,9.9%
200,Timor-Leste,2014.0,41.8%
201,Togo,2015.0,55.1%
202,Tokelau,,
203,Tonga,2010.0,22.5%
204,Trinidad and Tobago,2014.0,20.0%
205,Tunisia,2015.0,15.2%
206,Turkey,2018.0,14.4%
207,Turkmenistan,2012.0,0.2%
208,Turks and Caicos Islands,,
209,Tuvalu,2010.0,26.3%
210,Uganda,2016.0,21.4%
211,Ukraine,2019.0,1.1%
212,United Arab Emirates,2003.0,19.5%
213,United Kingdom of Great Britain and Northern Ireland,2017.0,18.6%
214,United States of America,2010.0,15.1%
215,Uruguay,2019.0,8.8%
216,Uzbekistan,2013.0,14.1%
217,Vanuatu,,
218,Venezuela (Bolivarian Republic of),2015.0,33.1%
219,Viet Nam,2018.0,6.7%
220,Virgin Islands,2002.0,28.9%
221,Wallis and Futuna Islands,,
222,West Bank,2011.0,18.0%
223,Yemen,2014.0,48.6%
224,Zambia,2015.0,54.4%
225,Zimbabwe,2019.0,38.3%
